{
  "parent": "item/generated",
  "textures": {
    "layer0": "item/music_disc_13"
  },
  "overrides": [
    {
      "predicate": {
        "custom_model_data": 37002
      },
      "model": "item/vaitimbora2"
    },
    {
      "predicate": {
        "custom_model_data": 37003
      },
      "model": "item/ash_again3"
    },
    {
      "predicate": {
        "custom_model_data": 37004
      },
      "model": "item/dia_delicia4"
    },
    {
      "predicate": {
        "custom_model_data": 37005
      },
      "model": "item/lumiere5"
    }
  ]
}