{
  "music_disc.vaitimbora2": {
    "sounds": [
      {
        "name": "records/music_disc_vaitimbora2",
        "stream": true
      }
    ]
  },
  "music_disc.ash_again3": {
    "sounds": [
      {
        "name": "records/music_disc_ash_again3",
        "stream": true
      }
    ]
  },
  "music_disc.dia_delicia4": {
    "sounds": [
      {
        "name": "records/music_disc_dia_delicia4",
        "stream": true
      }
    ]
  },
  "music_disc.lumiere5": {
    "sounds": [
      {
        "name": "records/music_disc_lumiere5",
        "stream": true
      }
    ]
  }
}